["Ada County Sheriff's Office","Boise Police Department","Garden City Police Department","Meridian Police Department","Adams County Sheriff's Office","Bannock County Sheriff's Office","Chubbuck Police Department","Pocatello Police Department","Fort Hall Tribal Police Department","Bear Lake County Sheriff's Office","Montpelier Police Department","Benewah County Sheriff's Office","St. Maries Police Department","Bingham County Sheriff's Office","Aberdeen Police Department","Blackfoot Police Department","Shelley Police Department","Blaine County Sheriff's Office","Ketchum Police Department","Sun Valley Police Department","Hailey Police Department","Bellevue Police Dept","Boise County Sheriff's Office","Idaho City Police Department","Bonner County Sheriff's Office","Priest River Police Department","Sandpoint Police Department","Ponderay Police Department","Bonneville County Sheriff's Office","Idaho Falls Police Department","Boundary County Sheriff's Office","Bonners Ferry Police Department","Butte County Sheriff's Office","Camas County Sheriff's Office","Canyon County Sheriff's Office","Caldwell Police Department","Nampa Police Department","Parma Police Department","Wilder Police Department","Caribou County Sheriff's Office","Soda Springs Police Department","Cassia County Sheriff's Office","Clark County Sheriff's Office","Clearwater County Sheriff's Office","Orofino Police Department","Custer County Sheriff's Office","Elmore County Sheriff's Office","Mountain Home Police Department","Franklin County Sheriff's Office","Preston Police Department","Fremont County Sheriff's Office","St. Anthony Police Department","Gem County Sheriff's Office","Emmett Police Department","Gooding County Sheriff's Office","Gooding Police Department","Hagerman Police Department","Idaho County Sheriff's Office","Cottonwood Police Department","Grangeville Police Department","Jefferson County Sheriff's Office","Rigby Police Department","Jerome County Sheriff's Office","Jerome Police Department","Kootenai County Sheriff's Office","Couer D'alene Police Department","Post Falls Police Department","Spirit Lake Police Department","Rathdrum Police Department","Latah County Sheriff's Office","Moscow Police Department","Lemhi County Sheriff's Office","Salmon Police Department","Lewis County Sheriff's Office","Kamiah Police Department","Lincoln County Sheriff's Office","Shoshone Police Department","Madison County Sheriff's Office","Rexburg Police Department","Minidoka County Sheriff's Office","Rupert Police Department","Heyburn Police Department","Nez Perce County Sheriff's Office","Lewiston Police Department","Oneida County Sheriff's Office","Owyhee County Sheriff's Office","Homedale Police Department","Payette County Sheriff's Office","Fruitland Police Department","Payette Police Department","Power County Sheriff's Office","American Falls Police Department","Shoshone County Sheriff's Office","Kellogg Police Department","Osburn Police Department","Pinehurst Police Department","Teton County Sheriff's Office","Twin Falls County Sheriff's Office","Buhl Police Department","Twin Falls Police Department","Kimberly/hansen Police Department","Filer Police Department","Valley County Sheriff's Office","Mccall Police Department","Cascade Police Department","Washington County Sheriff's Office","Weiser Police Department","Couer D'alene Tribal Police Department","Idaho State Police","Wendall Police Department","Nez Perce Tribal Police Department","Challis Police Department Challis","Dle Alcohol Beverage Control Div Boise","Dle Bureau Of Narcotics Region I Coeur D'alene","Dle Bureau Of Narcotics Region Ii Lewiston","Dle Bureau Of Narcotics Region Iii Boise","Dle Bureau Of Narcotics Region Iv Twin Falls","Dle Bureau Of Narcotics Region V Pocatello","Del Bureau Of Narcotics Region Vi Idaho Falls","Sp Dist 1 Coeur Dalene","Sp Lewiston","State Police Meridian","State Police Region 4 Jerome","Sp Pocatello","Sp Idaho Falls","Smelterville Pd","Firth Pd","Glenns Ferry Pd","New Plymouth Pd","Wallace Pd","Kuna Pd","Council","Lava Hot Springs Pd","Ammon Pd Idaho Falls","Ucon Police Dept","Arco Pd","Grace Pd","Burley Pd","Pierce Pd","Challis Pd","Worley Pd","Potlatch Pd","Lapwai Pd","Malad City Pd","Driggs Pd"]
