["Albany County Sheriff's office","Albany Police Department","Cohoes Police Department","Watervliet Police Department","Green Island Vlg Police Dept","Altamont Village Police Department","Ravena Village Pd Ravena","Menands Village Police Department","Bethlehem Town Police Department","Guilderland Town Police Department","Colonie Town Police Department","Capital Police Albany","Coeymans Town Police Department","Allegany County Sheriff's office","Alfred Village Police Department","Andover Village Police Department","Angelica Vlg Police Dept","Bolivar Village Police Department","Canaseraga Village Pd Arkport","Cuba Town Police Department","Friendship Village Pd Friendship","Wellsville Village Police Department","Richburg Pd","Almond Village Pd Arkport","Burns Town Pd Canaseraga","Friendship Town Police Dept","Amity Town & Belmont Vil","Wirt Town Pd Richburg","Independence Town Police Dept","Town of Rushford Police Department","Broome County Sheriff's office","Binghamton Police Department","Endicott Village Police Department","Johnson City Village Police Department","Broome County Special Invest Task Force","Port Dickinson Village Police Department","Deposit Village Police Department","Windsor Town Pd Windsor","Vestal Town Police Department","Whitney Point Village Pd Whitney Point","Cattaraugus County Sheriff's office","Olean Police Department","Allegany Village Police Department","Ellicottville Town Police Department","Franklinville Village Police Department","Little Valley Village Pd Little Valley","Cattaraugus Vlg Police Dept","Portville Village Police Department","Randolph Town Pd Randolph","South Dayton Village Pd South Dayton","Salamanca Police Department","Perrysburg Town Pd Perrysburg","Little Valley Town Pd Little Valley","Nys Park Police Allegany Region","Cayuga County Sheriff's office","Auburn Police Department","Cayuga Village Pd Cayuga","Weedsport Village Police Department","Port Byron Vlg Police Dept","Moravia Village Police Department","Fair Haven Village Pd Fair Haven","Chautauqua County Sheriff's office","Dunkirk Police Department","Jamestown Police Department","Lakewood-busti Police Department","Sinclairville Pd","Mayville Pd","Cherry Creek Pd","Celoron Pd","Falconer Village Pd Falconer","Silver Creek Village Police Department","Fredonia Village Police Department","Brocton Village Pd Brocton","Sherman Village Pd Sherman","Westfield Village Police Department","Bemus Point Village Pd Bemus Point","Cassadaga Village Pd Cassadaga","Busti Town Pd Jamestown","Carroll Town Police Dept","Ellicott Town Police Department","Hanover Town Pd Silver Creek","Sheridan Town Pd Dunkirk","Sherman Town Pd Sherman","Chemung County Sheriff's office","Elmira Police Department","Elmira Heights Village Police Department","Horseheads Village Police Department","Elmira Town Police Department","Southport Town Pd Elmira","Chenango County Sheriff's office","Afton Village Police Department","Bainbridge Village Police Department","Greene Village Police Department","New Berlin Village Pd New Berlin","Norwich Police Department","Oxford Village Police Department","Sherburne Village Police Department","New Berlin Town Police Department","Oxford Town Pd Oxford","Clinton County Sheriff's office","Plattsburgh Police Department","Keeseville Village","Champlain Village Pd Champlain","Rouses Point Village Police Department","Dannemora Village Pd Dannemora","Columbia County Sheriff's office","Hudson Police Department","Philmont Vlg Police Dept","Greenport Town Police Department","Germantown Town Police Dept","Stockport Town Police Dept","Columbia Co Conrail Ra","Chatham Village Police Department","Stuyvesant Town Pd Stuyvesant","Columbia Greene Humane Society","Copake Town Police Dept","Livingston Town Pd Livingston","Cortland County Sheriff's office","Cortland Police Department","Homer Village Police Department","Mcgraw Village Pd Mcgraw","Marathon Pd","Delaware County Sheriff's office","Delhi Village Police Department","Hancock Village Police Department","Sidney Village Police Department","Walton Village Police Department","Colchester Town Police Department","Dutchess County Sheriff's office","Beacon Police Department","Poughkeepsie Police Department","Metropolitan Trans Auth Pd","Dutchess Co Conrail Ra","Fishkill Village Police Department","Millerton Village Police Department","Pawling Village Pd Pawling","Wappingers Falls Village Police Department","Red Hook Village Police Department","Tivoli Village Pd Tivoli","Rhinebeck Vlg Police Dept","Millbrook Village Police Department","Town of Pine Plains Police Dept","Northeast Pd Millerton","Poughkeepsie Town Police Department","Fishkill Town Police Department","Hyde Park Town Police Department","East Fishkill Town Police Department","Nycmta: Dutchess County","Nys Park Police Taconic Region","Erie County Sheriff's office","Buffalo Police Department","Lackawanna Police Department","Tonawanda Police Department","Kenmore Village Police Department","Alden Village Pd Alden","East Aurora Village Pd East Aurora","Depew Village Police Department","Sloan Village Pd Sloan","Gowanda Village Police Department","Springville Village Pd Springville","Angola Village Pd Angola","Blasdell Village Pd Blasdell","Hamburg Village Police Department","Lancaster Village Pd Lancaster","Akron Village Police Department","Amherst Town Police Department","East Aurora/town of Aurora Police Department","Boston Town Pd Boston","Brant Town Police Dept","Cheektowaga Town Police Department","Orchard Park Town Police Department","Eden Town Police Department","Evans Town Police Department","Grand Island Town Police Department","Hamburg Town Police Department","Holland","Lancaster Town Police Department","North Collins Town Pd North Collins","Tonawanda Town Police Department","West Seneca Town Police Department","Williamsville","Essex County Sheriff's office","Port Henry Village Pd Port Henry","Lake Placid Village Police Department","Ticonderoga Town Police Department","Moriah Town Police Department","Willsboro Town Pd Willsboro","Crown Point","Franklin County Sheriff's office","Tupper Lake Village Police Department","Saranac Lake Village Police Department","Malone Village Police Department","Akwesasne Indian Reservation Pd Hogansburg","Fulton County Sheriff's office","Gloversville Police Department","Johnstown Police Department","Northville Village Police Department","Mayfield Village Pd Mayfield","Genesee County Sheriff's office","Batavia Police Department","Le Roy Village Police Department","Corfu Village Police Department","Greene County Sheriff's office","Athens Village Police Department","Catskill Village Police Department","Coxsackie Village Police Department","Greenville Town Pd Greenville","Windham Town Police Department","New Baltimore Town","Hunter Town Police Department","Durham Town Police Dept","Cairo Town Police Department","Hamilton County Sheriff's office","Inlet Town Police Department","Herkimer County Sheriff's office","Frankfort Village Police Department","Ilion Village Police Department","Mohawk Police Department","Herkimer Village Police Department","Dolgeville Village Police Department","Little Falls Police Department","West Winfield Village Pd West Winfield","Webb Town Police Department","Frankfort Town Police Department","Jefferson County Sheriff's office","Watertown Police Department","Adams Vlg Police Dept","Alexandria Bay Vlg Police Dept","Brownville Village Pd Brownville","Dexter Vlg Police Dept","Glen Park Village Rd Watertown","Cape Vincent Village Police Department","West Carthage Police Dept","Clayton Village Police Department","Sacketts Harbor Vlg Police Dept","Black River Village Pd Black River","Theresa Village Pd Theresa","Carthage Village Police Department","Deferiet Village Pd Deferiet","Antwerp Village Pd Antwerp","Henderson Town Pd Watertown","Thousand Is St Pk & Rec Comm Pd Alexandria Bay","Kings Cnty Sheriffs Dept","New York State Metropolitan Transportation Authori","Port Auth: Kings County","Nycmta: Kings County","Lewis County Sheriff's office","Croghan Village Pd Croghan","Harrisville Village Pd Harrisville","Lowville Village Police Department","Lyons Falls Village Pd Lyons Falls","Port Leyden","Livingston County Sheriff's office","Avon Village Police Department","Caledonia Village Police Department","Geneseo Village Police Department","Mount Morris Village Police Department","Dansville Village Police Department","Nunda Village Pd Nunda","Nunda Town & Village Police Department","Madison County Sheriff's office","Oneida Police Department","Cazenovia Village Police Department","Hamilton Village Police Department","Canastota Village Police Department","Chittenango Village Police Department","Deruyter Village Pd","Monroe County Sheriff's office","Rochester Police Department","Irondequoit Town Police Department","Wheatland Town Pd Scottsville","East Rochester Village Police Department","Fairport Village Police Department","Brockport Village Police Department","Brighton Town Police Department","Gates Town Police Department","Greece Town Police Department","Ogden Town Police Department","Webster Town Police Department","Webster Village","Montgomery County Sheriff's office","Amsterdam Police Department","Canajoharie Village Police Department","Fort Plain Village Police Department","Saint Johnsville Village Police Department","Nassau County Police Department","Glen Cove Police Department","Long Beach Police Department","Floral Park Village Police Department","Freeport Village Police Department","Garden City Village Police Department","Hempstead Village Police Department","Lynbrook Village Police Department","Bayville Pd","Rockville Centre Police Department","Cedarhurst Pd","East Hills Pd Roslyn","East Rockaway Pd","East Williston Pd","Farmingdale Pd","Flower Hill Pd Port Washington","Great Neck Pd","Great Neck Plaza Pd Great Neck","Island Park Pd","Lawrence Pd","Manorhaven Pd Port Washington","Massapequa Park Pd","Mineola Pd","Munsey Park Pd Manhasset","New Hyde Park Pd","Roslyn Pd","Sea Cliff Pd","Thomaston Pd Great Neck","Valley Stream Pd","Westbury Pd","Williston Park Pd","Mill Neck Village Pd Mill Neck","Plandome Pd Manhasset","Great Neck Estates Village Police Department","Sands Point Village Police Department","Malverne Village Police Department","Kensington Village Police Department","Bellerose Pd Jamaica","Old Westbury Village Police Department","Kings Point Village Police Department","Centre Island Village Police Department","Laurel Hollow Village Pd Syosset","Port Washington Police District","Cove Neck Pd Oyster Bay","Lake Success Village Police Department","Old Brookville Village Police Department","Nycmta: Nassau County","Oyster Bay Cove Village Police Department","Us Merchant Marine Academy Kings Point","New York City Sheriff's office","New York Co Conrail Ra","New York City Police Department","Nys Park Police New York City Region","Port Authority of Ny And Nj Pd New York","off Mental Health Psych Ctr Sfty/sec New York","Metro North Rr Pd Metro Transit Auth New York","Niagara County Sheriff's office","Lockport Police Department","Niagara Falls Police Department","North Tonawanda Police Department","Middleport Village Police Department","Lewiston Village Pd Lewiston","Youngstown Vlg Police Dept","Lewiston Town Police Department","Niagara Town Police Department","Nys Park Police Niagara Region","Oneida County Sheriff's office","Rome Police Department","Utica Police Department","Boonville Village Police Department","Camden Village Police Department","Sherrill Police Department","Clinton Village Pd Clinton","Waterville Village Pd Waterville","New Hartford Village Pd New Hartford","Vernon Village Police Department","Whitesboro Village Police Department","Yorkville Village Police Department","Oriskany Vlg Police Dept","New York Mills Village Police Department","New Hartford Town Police Department","Whitestown Town Police Department","Kirkland Town Police Department","Onondaga County Sheriff's office","Syracuse Police Department","East Syracuse Village Police Department","Jordan Village Police Department","Solvay Village Police Department","Baldwinsville Village Police Department","Fayetteville Village Pd Fayetteville","Manlius Town Police Department","Marcellus Vlg Police Dept","Liverpool Village Police Department","Skaneateles Village Police Department","Minoa Village Pd Minoa","North Syracuse Village Police Department","Camillus Town And Village Police Department","Cicero Town Police Department","Clay Town Pd Clay","Dewitt Town Police Department","Geddes Town Police Department","Onondaga County Park Rangers","Nys Park Police Central Region","Ontario County Sheriff's office","Geneva Police Department","Clifton Springs Village Police Department","Manchester Vlg Police Dept","Shortsville Vlg Police Dept","Naples Village Pd Naples","Phelps Vlg Police Dept","Canandaigua Police Department","Orange County Sheriff's office","Middletown Police Department","Newburgh City Police Department","Washingtonville Village Police Department","Chester Village Police Department","Cornwall-on-hudson Village Police Department","Goshen Village Police Department","Highland Falls Village Police Department","Monroe Village Police Department","Montgomery Vlg Police Dept","Walden Village Police Department","Warwick Village Pd Warwick","Maybrook Village Police Department","Greenwood Lake Village Police Department","Florida Village Police Department","Port Jervis Police Department","Tuxedo Park Village Police Department","Harriman Village Police Department","Mount Hope Town Police Department","Cornwall Town Police Department","Highlands Town Police Dept","Newburgh Town Police Department","Tuxedo Town Police Department","New Windsor Town Police Department","Woodbury Town Police Department","Warwick Town Police Department","Deerpark Town Police Department","Blooming Grove Town Police Department","Montgomery Town Police Department","Nycmta: Orange County","Crawford Town Police Department","Chester Town Police Department","Wallkill Town Police Department","Goshen Town Police Department","Orleans County Sheriff's office","Albion Village Police Department","Holley Village Police Department","Medina Village Police Department","Lyndonville Village Pd Lydonville","Yates Town Pd Lyndonville","Oswego County Sheriff's office","Fulton Police Department","Oswego Police Department","Cleveland Village Pd Cleveland","Central Square Vlg Police Dept","Mexico Town Pd Mexico","Pulaski Village Police Department","Phoenix Vlg Police Dept","Constantia Town Pd Constantia","Parish Town Pd Parish","Otsego County Sheriff's office","Oneonta Police Department","Cherry Valley Village Pd Cherry Valley","Cooperstown Village Police Department","Richfield Springs Village Pd Richfield Springs","Roseboom Town Constabulary Dept Cherry Valley","Unadilla Village Pd Unadilla","Putnam County Sheriff's office","Putnam Co Conrail Ra","Cold Spring Vlg Police Dept","Nelsonville Village Pd Nelsonville","Brewster Village Pd Brewster","Carmel Town Police Department","Kent Town Police Department","Putnam Valley Town Pd","Nycmta: Putnam County","Queens Cnty Sheriffs ofc","Port Auth: Queens County","Nycmta: Queens County","Rensselaer County Sheriff's office","Rensselaer Police Dept","Troy Police Department","Rensselaer Co Conrail Ra","Hoosick Falls Village Police Department","Nassau Village Police Department","Castleton On Hudson Vill Pd Castleton On Hudson","East Greenbush Town Police Department","North Greenbush Town Police Department","Schodack Town Police Department","Poestenkill Town Pd Poestenkill","Sand Lake Town Pd West Sand Lake","Richmond Cnty Sheriffs Dept","Staten Island Rapid Tran","Port Auth: Richmond Cnty","Nycmta: Richmond County","Rockland County Sheriff's office","Upper Nyack Village","West Haverstraw Village","Haverstraw Village Police Dept","Grandview On Hudson Vil Pd Grandview On Hudson","Nyack Village Pd Nyack","Piermont Village Police Department","South Nyack - Grand View Village Police Department","Spring Valley Village Police Department","Suffern Village Police Department","Sloatsburg Village Pd Sloatsburg","Clarkstown Town Police Department","Haverstraw Town Police Department","Orangetown Town Police Department","Ramapo Town Police Department","Stony Point Town Police Department","Nycmta: Rockland County","Nys Park Police Palisades Region","St. Lawrence County Sheriff's office","Ogdensburg Police Department","Massena Village Police Department","Canton Village Police Department","Gouverneur Village Police Department","Norwood Vlg Police Dept","Potsdam Village Police Department","Waddington Village Pd Waddington","Norfolk Town Police Dept","Saratoga County Sheriff's office","Saratoga Springs Police Department","Ballston Spa Village Police Department","Corinth Village Pd Corinth","Mechanicville Police Department","South Glens Falls Village Police Department","Schuylerville Village Pd Schuylerville","Nys Park Police Saratoga/capital Region","Stillwater Village Pd Stillwater","Charlton Pd Ballston Lake","Waterford Town Police Department","Stillwater Town Police Dept","Galway Town Pd Galway","Schenectady County Sheriff's office","Schenectady Police Department","Scotia Village Police Department","Glenville Town Police Department","Niskayuna Town Police Department","Rotterdam Town Police Department","Schoharie County Sheriff's office","Cobleskill Village Police Department","Middleburg Pd","Richmondville Village Pd Richmondville","Schoharie Village Pd Schoharie","Sharon Springs Village Pd Sharon Springs","Schuyler County Sheriff's office","Watkins Glen Village Police Department","Seneca County Sheriff's office","Seneca Falls Town","Interlaken Vlg Police Dept","Waterloo Vlg Police Dept","Seneca Falls Village Police Department","Ovid Village Pd Ovid","Steuben County Sheriff's office","Corning Police Department","Hornell Police Department","Addison Village Police Department","Avoca Village Pd Avoca","Bath Village Police Department","Canisteo Vlg Police Dept","Cohocton Town Police Dept","Painted Post Village Police Department","Hammondsport Village Police Department","Wayland Village Police Department","Woodhull Village","Arkport Village Pd Arkport","North Hornell Vlg Police Dept","Caton Police Department","Erwin Town Pd Painted Post","Avoca Town And Village","Hornellsville Town Pd Arkport","Suffolk County Sheriff's office","Suffolk County Police Department","Babylon Town Pd","Babylon Village Pd Babylon","Bellport Village","Brightwaters Pd","Brookhaven Pd","Huntington Pd","Islip Pd","Lindenhurst Pd","Patchogue Pd","Port Jefferson","Amityville Village Police Department","Sag Harbor Village Police Department","Northport Village Police Department","Southampton Village Police Department","Greenport Village Pd Greenport","Saltaire Vlg Police Dept","East Hampton Village Police Department","Ocean Beach Village Police Dept","Huntington Bay Village Police Department","Lloyd Harbor Village Police Department","Quogue Village Police Department","Westhampton Beach Village Police Department","Nissequogue Village Police Department","Asharoken Village Police Department","Head of The Harbor Vlg Pd","East Hampton Town Police Department","Riverhead Town Police Department","Shelter Island Town Police Department","Southampton Town Police Department","Southold Town Police Department","Suffolk County Park Police","Nycmta: Suffolk County","Nys Park Police Long Island Region","Sullivan County Sheriff's office","Liberty Village Police Department","Monticello Village Police Department","Woodridge Vlg Police Dept","Wurtsboro Village Pd Wurtsboro","Fallsburg Town Police Department","Mamakating Town Pd Wurtsboro","Rockland Town Constables Dept Livington Manor","Tioga County Sheriff's office","Waverly Village Police Department","Candor Vlg Police Dept","Newark Valley Village Pd Newark Valley","Nichols Village Pd Owego","Owego Village Police Department","Spencer Town Police Dept","Tompkins County Sheriff's office","Ithaca Police Department","Dryden Village Police Department","Freeville Village Pd Freeville","Groton Village Police Department","Trumansburg Vlg Police Dept","Cayuga Heights Village Police Department","Nys Park Police Finger Lakes Region","Ulster County Sheriff's office","Kingston Police Department","Village of Highland Pd Highland","Ulster Reg Gng Enf Nrc T","New Paltz Village Pd New Paltz","Saugerties Village Police Department","Ellenville Village Police Department","New Paltz Town & Village Police Department","Lloyd Town Police Department","Marlborough Town Police Department","Town of Kingston Police Department","Plattekill Town Police Dept","Woodstock Town Police Department","Saugerties Town Police Department","Shandaken Town Police Department","Rosendale Town Police Department","Ulster Town Police Department","Hurley Town Pd Hurley","Olive Town Police Department","Olive Town Pd West Shokan","Shawangunk Town Police Department","Warren County Sheriff's office","Glens Falls Police Department","Lake George Village Pd Lake George","Bolton Town Police Department","Hague Town Pd Hague","Lake Luzerne Town Pd Lake Luzerne","Queensbury Town Pd Glens Falls","Washington County Sheriff's office","Cambridge Village Police Department","Greenwich Village Police Department","Fort Edward Village Police Department","Granville Village Police Department","Hudson Falls Village Police Department","Salem Village Pd Salem","Whitehall Village Police Department","Wayne County Sheriff's office","Newark Village Police Department","Wolcott Village Police Department","Clyde Village Police Department","Lyons Village Police Department","Palmyra Village Police Department","Sodus Village Police Department","Sodus Point Village Police Department","Macedon Town Police Department","Savannah Town Pd Savannah","Macedon Town Pd Macedon","Marion Town Pd Marion","Westchester County Department of Public Safety","Peekskill Police Department","White Plains Police Department","Mount Vernon Police Department","New Rochelle Police Department","Ossining Village Police Department","Port Chester Village Police Department","Yonkers Police Department","Rye Police Department","Mamaroneck Village Police Department","Scarsdale Village Police Department","Westchester Co Conrail","Mount Kisco Village Police Department","Croton-on-hudson Village Police Department","Bronxville Village Police Department","Tuckahoe Village Police Department","Ardsley Village Police Department","Dobbs Ferry Village Police Department","Hastings Village Police Department","Irvington Village Police Department","Tarrytown Village Police Department","Larchmont Village Police Department","Briarcliff Manor Village Police Department","Sleepy Hollow Village Police Department","Pleasantville Village Police Department","Pelham Village Police Department","Pelham Pd","Pelham Manor Village Police Department","Elmsford Village Police Department","Buchanan Village Police Department","Bedford Police Department","Eastchester Town Police Department","Greenburgh Town Police Department","Harrison Town Police Department","Lewisboro Town Police Department","Mamaroneck Town Police Department","Mount Pleasant Town Police Department","New Castle Town Police Department","North Castle Town Police Department","Pound Ridge Town Police Department","Yorktown Town Police Department","Rye Brook Village Police Department","Ossining Town Police Department","Cortlandt Pd Croton-on-hudson","Nycmta: Westchester Cnty","Westchester County Parkway Pd Hawthorne","Wyoming County Sheriff's office","Arcade Village Police Department","Attica Village Police Department","Perry Village Police Department","Warsaw Village Police Department","Nys Park Police Genesee Region","Yates County Sheriff's office","Penn Yan Police Department","Dundee Village Pd Dundee","Bronx Cnty Sheriffs Dept","Bronx Co Conrail Ra","Nycmta: Bronx County","New York State Police","Bd of Water: Delaware Co","State Police Troop K Hq Poughkeepsie","State Police Troop L Hq East Farmingdale","Bd of Water: Sullivan Co","Bd of Water: Ulster Cnty","Bd of Water: Westchstr C","State University At Albany Police","Suny: Albany (plaza)","State University College of Technology At Alfred P","Binghamton University Police","State University College At Fredonia Police","State University College At Plattsburgh Police","State University At Cortland Police","Suny College: Technology","Suny: Amherst","State University At Buffalo Police","Buffalo State College Police","Suny Health Science Center At Brooklyn Police","State University College At Geneseo Police","Morrisville State College Police","State University College At Brockport Police","State University College At Old Westbury Police","State University of New York, College of Optometry","Suny Institute of Technology At Utica/rome Police","Suny College of Environmental Science & Forestry P","Suny Upstate Medical University Police","Syracuse University","Oswego State University Police","State University College At Oneonta Police","Rensselaer Polytechnic I","Suny Canton Police","State University College At Potsdam Police","Suny College of Agriculture & Technology At Cobles","Farmingdale State College Police","State University At Stony Brook Police","Cornell University","Ithaca College","State University College At New Paltz Police","Purchase College Police","State University of New York Maritime College Poli","Sp: Albany County","Albany State Police","Sp: Albany County (t)","Sp: Allegany County","Allegany State Police","Sp: Broome County","Bronx State Police","Sp: Cattaraugus County","Broome State Police","Sp: Cayuga County","Cattaraugus State Police","Sp: Cayuga County (t)","Sp: Chautauqua County","Cayuga State Police","Sp: Chautauqua Cnty (t)","Sp: Chemung County","Chautauqua County Sp","Sp: Chenango County","Chemung State Police","Sp: Clinton County","Chenango State Police","Sp: Columbia County","Clinton State Police","Sp: Columbia County (t)","Sp: Cortland County","Columbia State Police","Sp: Delaware County","Cortland State Police","Sp: Dutchess County","Delaware State Police","Sp: Dutchess County (t)","Sp: Erie County","Dutchess State Police","Sp: Erie County (t)","Sp: Essex County","Erie State Police","Sp: Franklin County","Essex State Police","Sp: Fulton County","Franklin State Police","Sp: Genesee County","Fulton State Police","Sp: Genesee County (t)","Sp: Greene County","Genesee County","Sp: Greene County (t)","Sp: Hamilton County","Greene State Police","Sp: Herkimer County","Hamilton State Police","Sp: Herkimer County (t)","Sp: Jefferson County","Herkimer State Police","Jefferson State Police","Sp: Lewis County","Kings State Police","Sp: Livingston County","Lewis State Police","Sp: Madison County","Livingston State Police","Sp: Madison County (t)","Sp: Monroe County","Madison State Police","Sp: Monroe County (t)","Sp: Montgomery Cnty","Monroe State Police","Sp: Montgomery Cnty (t)","Sp: Nassau County","Montgomery State Police","Nassau Sp Troop S","Nassau State Police","Sp: New York County","Sp: Niagara County","New York County   (sp)","Sp: Oneida County","Niagara State Police","Sp: Oneida County (t)","Sp: Onondaga County","Oneida State Police","Sp: Onondaga County (t)","Sp: Ontario County","Onondaga State Police","Sp: Ontario County (t)","Sp: Orange County","Ontario State Police","Sp: Orange County (t)","Sp: Orleans County","Orange State Police","Sp: Orleans County (t)","Sp: Oswego County","Orleans State Police","Sp: Oswego County (t)","Sp: Otsego County","Oswego State Police","Sp: Putnam County","Otsego State Police","Sp: Putnam County (t)","Putnam State Police","Sp: Rensselaer County","Queens State Police","Sp: Rensselaer Cnty (t)","Rensselaer State Police","Sp: Rockland County","Richmond State Police","Sp: Rockland County (t)","Sp: St Lawrence County","Rockland State Police","Sp: Saratoga County","St. Lawrence State Polic","Sp: Saratoga County (t)","Sp: Schenectady County","Saratoga State Police","Sp: Schenectady Cnty (t)","Sp: Schoharie County","Schenectady State Police","Sp: Schuyler County","Schoharie State Police","Sp: Seneca County","Schuyler State Police","Sp: Seneca County (t)","Sp: Steuben County","Seneca State Police","Sp: Suffolk County (k)","Sp: Suffolk County","Steuben State Police","Sp: Sullivan County","Suffolk State Police","Sp: Tioga County","Sullivan State Police","Sp: Tompkins County","Tioga State Police","Sp: Ulster County","Tompkins State Police","Sp: Ulster County (t)","Sp: Warren County","Ulster State Police","Sp: Washington County","Warren State Police","Sp: Washington Cnty (t)","Sp: Wayne County","Washington State Police","Sp: Wayne County (t)","Sp: Westchester County","Wayne State Police","Sp: Westchester Cnty (t)","Sp: Wyoming County","Westchester State Police","Sp: Yates County","Wyoming State Police","Yates State Police","State Park: Albany Cnty","State Park: Allegany Cty","State Park: Broome Cnty","State Park: Cattaraugus","State Park: Cayuga Cnty","State Park: Chautauqua C","State Park: Chemung Cnty","State Park: Chenango Cty","State Park: Clinton Cnty","State Park: Columbia Cty","State Park: Cortland Cty","State Park: Delaware Cty","State Park: Dutchess Cty","State Park: Erie County","State Park: Franklin Cty","State Park: Fulton Cnty","State Park: Genesee Cnty","State Park: Greene Cnty","State Park: Herkimer Cty","State Park: Jefferson C","State Park: Kings County","State Park: Lewis County","State Park: Livingston C","State Park: Madison Cnty","State Park: Monroe Cnty","State Park: Montgomery C","State Park: Nassau Cnty","State Park: New York Cty","State Park: Niagara Cnty","State Park: Oneida Count","State Park: Onondaga Cty","Onondaga County Parks","State Park: Ontario Cnty","State Park: Orange Cnty","State Park: Orleans Cnty","State Park: Oswego Cnty","State Park: Otsego Cnty","State Park: Putnam Cnty","State Park: Queens Cnty","State Park: Rennselaer C","State Park: Richmond Cty","State Park: Rockland Cty","State Park: St Lawrence","State Park: Saratoga Cty","State Park: Schenectady","State Park: Schoharie C","State Park: Schuyler Cty","State Park: Seneca Count","State Park: Steuben Cnty","State Park: Suffolk Cnty","State Park: Sullivan Cty","State Park: Tioga County","State Park: Tompkins Cty","State Park: Ulster Cnty","State Park: Washington C","State Park: Wayne County","State Park: Westchester","State Park: Wyoming Cnty","State Park: Yates County","State Park: Bronx County","Albany County Conrail Rb","Albany Co: Csx","Cndn Pcf Rw: Albany Cnty","Amtrak Albany","Csx Trans: Albany County","Allegany Co: N&s","Cndn Pcf Rw: Allegany Co","Broome Co: N&s","Cndn Pcf Rw: Broome Cnty","Cattaraugus Co: Csx","Csx Trans: Cattaraugus C","Cayuga Co: Csx","Cayuga Co:amtrak","Csx Trans: Cayuga County","Chautauqua Co: Csx","Chautauqua Co: Amtrak","Norfolk Sthrn Rw Chatauq","Csx Trans:chautauqua Co","Chemung Co: N&s","Cndn Pcf Rw: Chemung Cty","Chemung Co. Conrail Rp","Chenango Co Conrail Rc","Cndn Pcf Rw: Chenango Co","Cndn Pcf Rw: Clinton Cty","Columbia Co: Csx","Amtrak Columbia","Csx Trans: Columbia Cnty","Cortland Co Conrail Rc","Delaware Co:conrail","Cndn Pcf Rw: Delaware Co","Dutchess Co: Csx","Dutchess Co:amtrak","Csx Trans: Dutchess Cnty","Erie Co: Csx","Cndn Pcf Rw: Erie County","Erie Co:amtrak","Norfolk Sthrn Rwy, Erie","Ny Conrail Erie Co","Csx Trans: Erie County","Cndn Pcf Rw: Essex Cnty","Essex Co:amtrak","Franklin Co:conrail","Genesee Co: Csx","Cndn Pcf Rw: Genesee Cty","Csx Trans:genesee County","Greene Co: Csx","Csx Trans: Greene County","Delaware And Hudson Rd","Herkimer Co: Csx","Herkimer Co:amtrak","Csx Trans: Herkimer Cnty","Jefferson Co: Csx","Csx Trans: Jefferson Cty","Kings County:conrail","Kings Long Island Rr","Lewis County:conrail","Livingston Co: N&s","Cndn Pcf Rw: Livingston","Madison Co:csx","Madison County:amtrak","Csx Trans: Madison Cnty","Monroe Co: Csx","Monroe County:amtrak","Csx Trans: Monroe County","Montgomery Co: Csx","Amtrak Montgomery","Csx Trans: Montgomery Co","Long Island Rl-nassau Co","New York Co:conrail","Long Island Rl-ny County","Niagara Co: Csx","Cndn Pcf Rw: Niagara Cty","Niagara Co:amtrak","Csx Trans: Niagara Cnty","Oneida Co: Csx","Oneida Co:amtrak","Csx Trans: Oneida County","Onondaga Co: Csx","Onondaga Co:amtrak","Csx Trans: Onondaga Cnty","Ontario Co: Csx","Ny Conrail Ontario Co","Csx Trans: Ontario Cnty","Orange Co. Conrail Ra","Orange Co: Csx","Csx Trans: Orange County","Orleans Co: Csx","Orleans Co:amtrak","Csx Trans: Orleans Cnty","Oswego Co: Csx","Csx Trans: Oswego Cnty","Cndn Pcf Rw: Otsego Cnty","Putnam Co Conrail Rc","Putnam Co:amtrak","Queens Co: Csx","Queens Long Island Rr","Csx Trans: Queens Cnty","Rensselaer Co: Csx","Amtrak Rensselaer","Csx Trans: Rensselaer Co","Rockland Co. Conrail Ra","Rockland Co: Csx","Csx Trans: Rockland Cnty","St. Lawrence Co: Csx","Csx Trans:st. Lawrence C","Cndn Pcf Rw: Saratoga Co","Saratoga Co:amtrak","Schenectady Co: Csx","Cndn Pcf Rw: Schenectady","Amtrak Schenectady","Csx Trans:schenectady C","Cndn Pcf Rw: Schoharie C","Schuyler Co: N&s","Ny Conrail Schuyler","Seneca Co: Csx","Csx Trans: Seneca County","Steuben Co: N&s","Cndn Pcf Rw: Steuben Cty","Ny Conrail Steuben","Long Island Rl-suffolk C","Sullivan Co: N&s","Tioga Co: N&s","Cndn Pcf Rw: Tioga Cnty","Tompkins Co: N&s","Ulster Co: Csx","Csx Trans: Ulster County","Cndn Pcf Rw: Warren Cnty","Warren Co:amtrak","Cndn Pcf Rw: Washington","Washington Co:amtrak","Wayne Co: Csx","Wayne Co:amtrak","Csx Trans: Wayne County","Westchester Co: Csx","Westchester Co:amtrak","Csx Trans: Westchester C","Wyoming Co: N&s","Cndn Pcf Rw: Wyoming Cty","Yates Co: Ns","Bronx Co: Csx","Csx Trans: Bronx County","Oneida Nation Tribal Police Department","Saint Regis Mohawk Tribal Police Department"]
